{
  "project_info": {
    "project_number": "648932038065",
    "firebase_url": "https://wordfinderx.firebaseio.com",
    "project_id": "wordfinderx",
    "storage_bucket": "wordfinderx.appspot.com"
  },
  "client": [
    {
      "client_info": {
        "mobilesdk_app_id": "1:648932038065:android:83776373f595868d371990",
        "android_client_info": {
          "package_name": "word.tips.wordfinderx"
        }
      },
      "oauth_client": [
        {
          "client_id": "648932038065-h9cr3egrjrf9v4qq0kkiqj9h4nnn70a0.apps.googleusercontent.com",
          "client_type": 3
        }
      ],
      "api_key": [
        {
          "current_key": "AIzaSyBaWtOAmk2ukvtfjl2qPE71WiYYxblPArI"
        }
      ],
      "services": {
        "appinvite_service": {
          "other_platform_oauth_client": [
            {
              "client_id": "648932038065-h9cr3egrjrf9v4qq0kkiqj9h4nnn70a0.apps.googleusercontent.com",
              "client_type": 3
            },
            {
              "client_id": "648932038065-9ikatno9nlv9tblc7g7gjemdnlf3lqcg.apps.googleusercontent.com",
              "client_type": 2,
              "ios_info": {
                "bundle_id": "word.tips.wordfinderx"
              }
            }
          ]
        }
      }
    }
  ],
  "configuration_version": "1"
}